src, tgt
71717442,738326833431732225
1093853022470365184,738326833431732225
303450744,3702234197
303450744,738326833431732225
845599446259961856,2841714842
845599446259961856,186969945
845599446259961856,738326833431732225
2916713439,3702234197
2916713439,2828483761
3702234197,845599446259961856
3702234197,303450744
3702234197,2916713439
3702234197,186969945
158838519,738326833431732225
186969945,3702234197
186969945,845599446259961856
442815399,738326833431732225
831713509163618308,2841714842
213416209,738326833431732225
1665725635,738326833431732225
2841714842,831713509163618308
2841714842,845599446259961856
2841714842,3702234197
2841714842,738326833431732225
2828483761,2841714842
2828483761,2582911872
